{
  "event": "wfo_explore",
  "run_dir": "runs/wfo/gp/20251001-133326",
  "windows": 79,
  "individuals": 9480,
  "presence": {
    "train_sharpe": 9480,
    "train_sortino": 9480,
    "train_cumret": 9480,
    "train_dd": 9480,
    "trades_train": 9480,
    "tf_train": 9480,
    "tree_size": 9480,
    "tree_depth": 9480,
    "equity_r2": 9480,
    "exposure": 9480,
    "win_rate": 9390,
    "profit_factor": 9390,
    "avg_dd_dur": 9390,
    "avg_hold": 9390,
    "avg_idle": 9480,
    "turnover_per_bar": 9480,
    "flip_rate": 9480,
    "ret_std": 9480,
    "downside_std": 9390,
    "ret_skew": 9480,
    "ret_kurt": 9480,
    "mkt_vol": 9480,
    "mkt_trend": 9480,
    "mkt_skew": 9480
  },
  "best_per_window": {
    "windows": 79,
    "corr": {
      "sharpe": -0.09189411809666663,
      "cumret": 0.0693247412195729
    },
    "deg_mean": {
      "sharpe": -0.16488268818608068,
      "cumret": -0.08381343476965174
    },
    "means": {
      "train_sharpe": 10.997050368406585,
      "val_sharpe": -1.9362814030224864,
      "train_cumret": 0.0215039368147373,
      "val_cumret": -0.0015096415505530417
    }
  },
  "feature_corr": {
    "val_sharpe": {
      "train_sharpe": 0.5047397650461093,
      "train_sortino": 0.48123161334050735,
      "train_cumret": 0.44883955717085666,
      "train_dd": 0.24861478992857158,
      "trades_train": -0.5629403722919799,
      "tf_train": 0.39621571108861153,
      "tree_size": -0.01462280913351955,
      "tree_depth": -0.06460911592492315,
      "equity_r2": -0.22580434392686838,
      "exposure": 0.4488158424128029,
      "win_rate": 0.20565322215295695,
      "profit_factor": 0.10719933766392298,
      "avg_dd_dur": -0.40989687002354463,
      "avg_hold": 0.1882691076153477,
      "avg_idle": 0.005399747262755647,
      "turnover_per_bar": -0.5642903361907431,
      "flip_rate": NaN,
      "ret_std": 0.40394024549444063,
      "downside_std": 0.17133393037159875,
      "ret_skew": 0.04454190275244287,
      "ret_kurt": -0.09098531441258745,
      "mkt_vol": 0.10956850160536442,
      "mkt_trend": -0.022091276245524885,
      "mkt_skew": -0.015386563637033022
    },
    "val_cumret": {
      "train_sharpe": 0.3387459488363663,
      "train_sortino": 0.33473482443906216,
      "train_cumret": 0.32929264770996647,
      "train_dd": 0.23251103439852314,
      "trades_train": -0.4628299636973532,
      "tf_train": 0.3299097306254918,
      "tree_size": 0.003185350602564857,
      "tree_depth": -0.041319812954930736,
      "equity_r2": -0.17532024304009006,
      "exposure": 0.2865526076352673,
      "win_rate": 0.17034998426738884,
      "profit_factor": 0.08078594519751117,
      "avg_dd_dur": -0.26359015744065195,
      "avg_hold": 0.15233390902707689,
      "avg_idle": 0.0756610181578969,
      "turnover_per_bar": -0.4640280352169535,
      "flip_rate": NaN,
      "ret_std": 0.22089559640518883,
      "downside_std": 0.0709176147461669,
      "ret_skew": -0.0014320771229883499,
      "ret_kurt": -0.033854393120630544,
      "mkt_vol": 0.0206694375276731,
      "mkt_trend": -0.00685117447876414,
      "mkt_skew": 0.01334584409953879
    }
  },
  "top_corr": {
    "val_sharpe": [
      [
        "turnover_per_bar",
        -0.5642903361907431
      ],
      [
        "trades_train",
        -0.5629403722919799
      ],
      [
        "train_sharpe",
        0.5047397650461093
      ],
      [
        "train_sortino",
        0.48123161334050735
      ],
      [
        "train_cumret",
        0.44883955717085666
      ],
      [
        "exposure",
        0.4488158424128029
      ],
      [
        "avg_dd_dur",
        -0.40989687002354463
      ],
      [
        "ret_std",
        0.40394024549444063
      ],
      [
        "tf_train",
        0.39621571108861153
      ],
      [
        "train_dd",
        0.24861478992857158
      ],
      [
        "equity_r2",
        -0.22580434392686838
      ],
      [
        "win_rate",
        0.20565322215295695
      ],
      [
        "avg_hold",
        0.1882691076153477
      ],
      [
        "downside_std",
        0.17133393037159875
      ],
      [
        "mkt_vol",
        0.10956850160536442
      ]
    ],
    "val_cumret": [
      [
        "turnover_per_bar",
        -0.4640280352169535
      ],
      [
        "trades_train",
        -0.4628299636973532
      ],
      [
        "train_sharpe",
        0.3387459488363663
      ],
      [
        "train_sortino",
        0.33473482443906216
      ],
      [
        "tf_train",
        0.3299097306254918
      ],
      [
        "train_cumret",
        0.32929264770996647
      ],
      [
        "exposure",
        0.2865526076352673
      ],
      [
        "avg_dd_dur",
        -0.26359015744065195
      ],
      [
        "train_dd",
        0.23251103439852314
      ],
      [
        "ret_std",
        0.22089559640518883
      ],
      [
        "equity_r2",
        -0.17532024304009006
      ],
      [
        "win_rate",
        0.17034998426738884
      ],
      [
        "avg_hold",
        0.15233390902707689
      ],
      [
        "profit_factor",
        0.08078594519751117
      ],
      [
        "avg_idle",
        0.0756610181578969
      ]
    ]
  },
  "fits": {
    "val_sharpe_on_train_sharpe": {
      "a": -4.639643741961187,
      "b": 0.5217412946330843
    },
    "val_cum_on_train_cum": {
      "a": -0.0031988763327212857,
      "b": 0.16611079376704838
    },
    "val_sharpe_on_equity_r2": {
      "a": -1.4291306942687807,
      "b": -6.318114474669566
    },
    "val_sharpe_on_win_rate": {
      "a": -11.83703945945212,
      "b": 12.009739411268175
    }
  },
  "quantiles": {
    "val_sharpe_middle80": -4.741879081092279,
    "val_cumret_middle80": -0.0031889628474774936
  }
}