{
  "event": "wfo_analysis",
  "run_dir": "runs/wfo/gp/20251006-014742/",
  "best_per_window": {
    "windows": 282,
    "corr": {
      "sharpe": 0.040633141016782774,
      "cumret": 0.051192293967621906
    },
    "deg": {
      "sharpe_mean": -6.266810468400534,
      "cumret_mean": 0.3201697289357179
    },
    "means": {
      "train_sharpe": 2.8226574468085106,
      "val_sharpe": -0.435822340425532,
      "train_cumret": 0.016895390070921987,
      "val_cumret": -0.00020212765957446826
    },
    "reg": {
      "sharpe": {
        "a": -0.7437031253120757,
        "b": 0.10907479589301741
      },
      "cumret": {
        "a": -0.0006956215962921676,
        "b": 0.029208792140705455
      }
    },
    "counts": {
      "wins_pos_val_sharpe": 126,
      "wins_pos_val_cum": 125
    }
  },
  "final_population": {
    "individuals": 28200,
    "corr": {
      "sharpe": 0.4001286728228306,
      "cumret": 0.2704932235982172
    },
    "deg": {
      "sharpe_mean": 3.312054793660216,
      "cumret_mean": 1.5014694702092037
    },
    "means": {
      "train_sharpe": 0.02252548829553805,
      "val_sharpe": -2.378651935865018,
      "train_cumret": 0.0026026547680207414,
      "val_cumret": -0.0024829509465047668
    },
    "reg": {
      "sharpe": {
        "a": -2.393931044634821,
        "b": 0.6783031102074121
      },
      "cumret": {
        "a": -0.002820053377192341,
        "b": 0.12952253016020737
      }
    },
    "counts": {
      "pos_val_sharpe": 10760,
      "pos_val_cum": 10689
    }
  }
}