{
  "event": "wfo_analysis",
  "run_dir": "runs/wfo/gp/20251006-173817/",
  "best_per_window": {
    "windows": 282,
    "corr": {
      "sharpe": -0.020241872496990533,
      "cumret": -0.03246758950355152
    },
    "deg": {
      "sharpe_mean": 1.5070724954487895,
      "cumret_mean": 0.11145643070670216
    },
    "means": {
      "train_sharpe": 3.2758375886524824,
      "val_sharpe": -0.8680397163120567,
      "train_cumret": 0.016616312056737588,
      "val_cumret": -0.00015390070921985803
    },
    "reg": {
      "sharpe": {
        "a": -0.6304678747588572,
        "b": -0.07252247253531387
      },
      "cumret": {
        "a": 0.00024101539424640855,
        "b": -0.023766772200582
      }
    },
    "counts": {
      "wins_pos_val_sharpe": 119,
      "wins_pos_val_cum": 118
    }
  },
  "final_population": {
    "individuals": 28200,
    "corr": {
      "sharpe": 0.4666600846665217,
      "cumret": 0.3187350303416593
    },
    "deg": {
      "sharpe_mean": 2.11102368764442,
      "cumret_mean": 0.13190117370935087
    },
    "means": {
      "train_sharpe": -2.2182429057525788,
      "val_sharpe": -4.706938695139162,
      "train_cumret": -0.005558103923136576,
      "val_cumret": -0.004267765713997992
    },
    "reg": {
      "sharpe": {
        "a": -3.2525871594403695,
        "b": 0.6556322267174695
      },
      "cumret": {
        "a": -0.0035694729975532633,
        "b": 0.12563505938382433
      }
    },
    "counts": {
      "pos_val_sharpe": 7747,
      "pos_val_cum": 7693
    }
  },
  "segments": {
    "last_half": {
      "windows": 141,
      "corr": {
        "sharpe": -0.04502801293574388,
        "cumret": 0.00013838394182901322
      },
      "deg": {
        "sharpe_mean": 3.0596831391133095,
        "cumret_mean": 0.08447069770333718
      },
      "means": {
        "train_sharpe": 3.3374815602836874,
        "val_sharpe": -0.07613475177304972,
        "train_cumret": 0.018658156028368796,
        "val_cumret": 0.0010617021276595744
      },
      "reg": {
        "sharpe": {
          "a": 0.5314075032490877,
          "b": -0.1820361383421384
        },
        "cumret": {
          "a": 0.0010597175855246738,
          "b": 0.00010636325111029464
        }
      },
      "counts": {
        "wins_pos_val_sharpe": 66,
        "wins_pos_val_cum": 66
      }
    },
    "last_quarter": {
      "windows": 71,
      "corr": {
        "sharpe": -0.1167359848236806,
        "cumret": -0.05135483654950334
      },
      "deg": {
        "sharpe_mean": 6.222547671705109,
        "cumret_mean": 0.2629472007436145
      },
      "means": {
        "train_sharpe": 3.405261971830986,
        "val_sharpe": -0.26621267605633797,
        "train_cumret": 0.017632394366197186,
        "val_cumret": 0.0010492957746478873
      },
      "reg": {
        "sharpe": {
          "a": 1.2086797110540906,
          "b": -0.4331215628374661
        },
        "cumret": {
          "a": 0.0017468519086210037,
          "b": -0.03956105560515316
        }
      },
      "counts": {
        "wins_pos_val_sharpe": 27,
        "wins_pos_val_cum": 27
      }
    },
    "last_12": {
      "windows": 12,
      "corr": {
        "sharpe": -0.20417771120639724,
        "cumret": -0.3046513471690972
      },
      "deg": {
        "sharpe_mean": 0.7349316016921718,
        "cumret_mean": 0.3051372244580131
      },
      "means": {
        "train_sharpe": 3.061016666666667,
        "val_sharpe": 1.2852833333333333,
        "train_cumret": 0.02716666666666667,
        "val_cumret": 0.003658333333333333
      },
      "reg": {
        "sharpe": {
          "a": 3.5939700424430403,
          "b": -0.7542221949492944
        },
        "cumret": {
          "a": 0.009962800131389699,
          "b": -0.2320662625051423
        }
      },
      "counts": {
        "wins_pos_val_sharpe": 5,
        "wins_pos_val_cum": 5
      }
    },
    "last_8": {
      "windows": 8,
      "corr": {
        "sharpe": -0.08568481156461341,
        "cumret": -0.21601019198821161
      },
      "deg": {
        "sharpe_mean": 0.583279543255064,
        "cumret_mean": 0.15987966193475023
      },
      "means": {
        "train_sharpe": 2.495825,
        "val_sharpe": 0.9950375000000002,
        "train_cumret": 0.018975,
        "val_cumret": 0.0012999999999999995
      },
      "reg": {
        "sharpe": {
          "a": 1.8782339065209028,
          "b": -0.3538695247146346
        },
        "cumret": {
          "a": 0.004642723809015414,
          "b": -0.17616462761609575
        }
      },
      "counts": {
        "wins_pos_val_sharpe": 3,
        "wins_pos_val_cum": 3
      }
    },
    "last_4": {
      "windows": 4,
      "corr": {
        "sharpe": -0.21438446341421777,
        "cumret": -0.2169214785507168
      },
      "deg": {
        "sharpe_mean": 2.676947113486994,
        "cumret_mean": 0.6590707287420439
      },
      "means": {
        "train_sharpe": 2.833025,
        "val_sharpe": 5.524625,
        "train_cumret": 0.018525,
        "val_cumret": 0.008799999999999999
      },
      "reg": {
        "sharpe": {
          "a": 7.576276798675509,
          "b": -0.724191208575818
        },
        "cumret": {
          "a": 0.011986932055453793,
          "b": -0.17203411905283647
        }
      },
      "counts": {
        "wins_pos_val_sharpe": 3,
        "wins_pos_val_cum": 3
      }
    }
  }
}