{
  "event": "wfo_explore",
  "run_dir": "runs/wfo/gp/20251002-025115/",
  "windows": 99,
  "individuals": 14850,
  "presence": {
    "train_sharpe": 14850,
    "train_sortino": 14850,
    "train_cumret": 14850,
    "train_dd": 14850,
    "trades_train": 14850,
    "tf_train": 14850,
    "tree_size": 14850,
    "tree_depth": 14850,
    "equity_r2": 14850,
    "exposure": 14850,
    "win_rate": 14746,
    "profit_factor": 14746,
    "avg_dd_dur": 14746,
    "avg_hold": 14746,
    "avg_idle": 14850,
    "turnover_per_bar": 14850,
    "flip_rate": 14850,
    "ret_std": 14850,
    "downside_std": 14746,
    "ret_skew": 14850,
    "ret_kurt": 14850,
    "mkt_vol": 14850,
    "mkt_trend": 14850,
    "mkt_skew": 14850
  },
  "best_per_window": {
    "windows": 99,
    "corr": {
      "sharpe": 0.017795898841982814,
      "cumret": 0.2096498639253879
    },
    "deg_mean": {
      "sharpe": 0.12585029100217346,
      "cumret": 0.04783299157694602
    },
    "means": {
      "train_sharpe": 12.572496750660592,
      "val_sharpe": -0.23511504020030158,
      "train_cumret": 0.01130695055370121,
      "val_cumret": 0.0002747923413421993
    }
  },
  "feature_corr": {
    "val_sharpe": {
      "train_sharpe": 0.06036684081455279,
      "train_sortino": 0.034637784671643655,
      "train_cumret": 0.07341335880911731,
      "train_dd": -0.07282717616731516,
      "trades_train": -0.056102795732707655,
      "tf_train": -0.008836781839980185,
      "tree_size": -0.031033453467258564,
      "tree_depth": -0.03551888437382465,
      "equity_r2": -0.058167720390701866,
      "exposure": 0.12881609721228948,
      "win_rate": 0.03141604336093993,
      "profit_factor": 0.027464320092467787,
      "avg_dd_dur": -0.05413346557946205,
      "avg_hold": 0.05665964075188513,
      "avg_idle": -0.11665675651423069,
      "turnover_per_bar": -0.05684233848501079,
      "flip_rate": NaN,
      "ret_std": 0.1245907493529178,
      "downside_std": -0.005160571079164742,
      "ret_skew": 0.0712538341967719,
      "ret_kurt": -0.1021698321976132,
      "mkt_vol": 0.001928757218881518,
      "mkt_trend": -0.0683530399632403,
      "mkt_skew": 0.027641541482227715
    },
    "val_cumret": {
      "train_sharpe": 0.05614379721865793,
      "train_sortino": 0.05532669096527338,
      "train_cumret": 0.07632078654674967,
      "train_dd": -0.012053155099139429,
      "trades_train": -0.07640775816756104,
      "tf_train": 0.0297235655738874,
      "tree_size": -0.03633227670347879,
      "tree_depth": -0.03252118872024402,
      "equity_r2": -0.06122141989404203,
      "exposure": 0.07796084674210442,
      "win_rate": 0.0560229068162847,
      "profit_factor": 0.0458926292554529,
      "avg_dd_dur": -0.04771478882625451,
      "avg_hold": 0.05935305773960408,
      "avg_idle": -0.004943168009365332,
      "turnover_per_bar": -0.07698429352031558,
      "flip_rate": NaN,
      "ret_std": 0.06059796238160577,
      "downside_std": -0.028272748811236842,
      "ret_skew": 0.03714273153127828,
      "ret_kurt": -0.011669580088632545,
      "mkt_vol": -0.004471248857006925,
      "mkt_trend": -0.07401170662905264,
      "mkt_skew": 0.038930318443139156
    }
  },
  "top_corr": {
    "val_sharpe": [
      [
        "exposure",
        0.12881609721228948
      ],
      [
        "ret_std",
        0.1245907493529178
      ],
      [
        "avg_idle",
        -0.11665675651423069
      ],
      [
        "ret_kurt",
        -0.1021698321976132
      ],
      [
        "train_cumret",
        0.07341335880911731
      ],
      [
        "train_dd",
        -0.07282717616731516
      ],
      [
        "ret_skew",
        0.0712538341967719
      ],
      [
        "mkt_trend",
        -0.0683530399632403
      ],
      [
        "train_sharpe",
        0.06036684081455279
      ],
      [
        "equity_r2",
        -0.058167720390701866
      ],
      [
        "turnover_per_bar",
        -0.05684233848501079
      ],
      [
        "avg_hold",
        0.05665964075188513
      ],
      [
        "trades_train",
        -0.056102795732707655
      ],
      [
        "avg_dd_dur",
        -0.05413346557946205
      ],
      [
        "tree_depth",
        -0.03551888437382465
      ]
    ],
    "val_cumret": [
      [
        "exposure",
        0.07796084674210442
      ],
      [
        "turnover_per_bar",
        -0.07698429352031558
      ],
      [
        "trades_train",
        -0.07640775816756104
      ],
      [
        "train_cumret",
        0.07632078654674967
      ],
      [
        "mkt_trend",
        -0.07401170662905264
      ],
      [
        "equity_r2",
        -0.06122141989404203
      ],
      [
        "ret_std",
        0.06059796238160577
      ],
      [
        "avg_hold",
        0.05935305773960408
      ],
      [
        "train_sharpe",
        0.05614379721865793
      ],
      [
        "win_rate",
        0.0560229068162847
      ],
      [
        "train_sortino",
        0.05532669096527338
      ],
      [
        "avg_dd_dur",
        -0.04771478882625451
      ],
      [
        "profit_factor",
        0.0458926292554529
      ],
      [
        "mkt_skew",
        0.038930318443139156
      ],
      [
        "ret_skew",
        0.03714273153127828
      ]
    ]
  },
  "fits": {
    "val_sharpe_on_train_sharpe": {
      "a": -2.949917394538782,
      "b": 0.13120720472481873
    },
    "val_cum_on_train_cum": {
      "a": -0.00017733651038388018,
      "b": 0.03770957901780894
    },
    "val_sharpe_on_equity_r2": {
      "a": 0.455413663814446,
      "b": -5.819570981592173
    },
    "val_sharpe_on_win_rate": {
      "a": -4.310744928861785,
      "b": 4.178303554606871
    }
  },
  "quantiles": {
    "val_sharpe_middle80": -1.9429922671903435,
    "val_cumret_middle80": 5.516245425004517e-05
  }
}