{
  "event": "wfo_summary",
  "run_dir": "/root/rl-trader/forex-rl/ga-ness/runs/wfo/gp/20251002-025115",
  "windows": 99,
  "corr": {
    "sharpe": 0.017795898841982807,
    "cumret": 0.20964986392538795
  },
  "stats": {
    "train_sharpe_mean": 12.572496750660592,
    "val_sharpe_mean": -0.23511504020030158,
    "train_cumret_mean": 0.01130695055370121,
    "val_cumret_mean": 0.0002747923413421993
  }
}