{
  "event": "wfo_explore",
  "run_dir": "/root/rl-trader/forex-rl/ga-ness/runs/wfo/gp/20250929-152152",
  "windows": 97,
  "individuals": 9700,
  "presence": {
    "train_sharpe": 9700,
    "train_sortino": 9700,
    "train_cumret": 9700,
    "train_dd": 9700,
    "trades_train": 9700,
    "tf_train": 9700,
    "tree_size": 9700,
    "tree_depth": 9700,
    "equity_r2": 9700,
    "exposure": 9700,
    "win_rate": 9626,
    "profit_factor": 9626,
    "avg_dd_dur": 9626,
    "avg_hold": 9626,
    "avg_idle": 9700,
    "turnover_per_bar": 9700,
    "flip_rate": 9700,
    "ret_std": 9700,
    "downside_std": 9626,
    "ret_skew": 9700,
    "ret_kurt": 9700,
    "mkt_vol": 9700,
    "mkt_trend": 9700,
    "mkt_skew": 9700
  },
  "best_per_window": {
    "windows": 97,
    "corr": {
      "sharpe": 0.053738156647814235,
      "cumret": -0.009390139647394699
    },
    "deg_mean": {
      "sharpe": -0.43761695322486455,
      "cumret": -0.06584836427628844
    },
    "means": {
      "train_sharpe": 5.701251411218388,
      "val_sharpe": -2.3901299650474717,
      "train_cumret": 0.03333769877059429,
      "val_cumret": -0.002169796033709186
    }
  },
  "feature_corr": {
    "val_sharpe": {
      "train_sharpe": 0.5375821766893062,
      "train_sortino": 0.5111473766406887,
      "train_cumret": 0.486397059458047,
      "train_dd": 0.4190511139823141,
      "trades_train": -0.5363826152141192,
      "tf_train": 0.374204753375045,
      "tree_size": -0.02149134298241769,
      "tree_depth": -0.008756902795920023,
      "equity_r2": -0.2728931122111075,
      "exposure": 0.3660867085681627,
      "win_rate": 0.14477703715548093,
      "profit_factor": 0.05873935154226912,
      "avg_dd_dur": -0.3748951862359027,
      "avg_hold": 0.09712415912849662,
      "avg_idle": -0.010544912618657748,
      "turnover_per_bar": -0.5370926746201131,
      "flip_rate": NaN,
      "ret_std": 0.31329629696864936,
      "downside_std": 0.1546633452038199,
      "ret_skew": 0.03675336872800779,
      "ret_kurt": -0.06805334824085368,
      "mkt_vol": 0.06686023883824811,
      "mkt_trend": -0.038909247668674096,
      "mkt_skew": 0.02666038515030269
    },
    "val_cumret": {
      "train_sharpe": 0.35091352782107976,
      "train_sortino": 0.34144763776340814,
      "train_cumret": 0.33635331212987624,
      "train_dd": 0.33763993105761897,
      "trades_train": -0.40712716673891336,
      "tf_train": 0.2670073693414542,
      "tree_size": -0.003572442707526852,
      "tree_depth": 0.00683967726992643,
      "equity_r2": -0.19708623904612554,
      "exposure": 0.17143185916342812,
      "win_rate": 0.09686734638268249,
      "profit_factor": 0.03929796305560738,
      "avg_dd_dur": -0.21843071564341202,
      "avg_hold": 0.05624910016740664,
      "avg_idle": 0.07386612076066458,
      "turnover_per_bar": -0.4075790250104087,
      "flip_rate": NaN,
      "ret_std": 0.11803799731662257,
      "downside_std": 0.07174253050330326,
      "ret_skew": -0.007751361818643321,
      "ret_kurt": 0.026078782950720907,
      "mkt_vol": 0.005556435440666698,
      "mkt_trend": -0.021655057241795974,
      "mkt_skew": 0.009548646184113588
    }
  },
  "top_corr": {
    "val_sharpe": [
      [
        "train_sharpe",
        0.5375821766893062
      ],
      [
        "turnover_per_bar",
        -0.5370926746201131
      ],
      [
        "trades_train",
        -0.5363826152141192
      ],
      [
        "train_sortino",
        0.5111473766406887
      ],
      [
        "train_cumret",
        0.486397059458047
      ],
      [
        "train_dd",
        0.4190511139823141
      ],
      [
        "avg_dd_dur",
        -0.3748951862359027
      ],
      [
        "tf_train",
        0.374204753375045
      ],
      [
        "exposure",
        0.3660867085681627
      ],
      [
        "ret_std",
        0.31329629696864936
      ],
      [
        "equity_r2",
        -0.2728931122111075
      ],
      [
        "downside_std",
        0.1546633452038199
      ],
      [
        "win_rate",
        0.14477703715548093
      ],
      [
        "avg_hold",
        0.09712415912849662
      ],
      [
        "ret_kurt",
        -0.06805334824085368
      ]
    ],
    "val_cumret": [
      [
        "turnover_per_bar",
        -0.4075790250104087
      ],
      [
        "trades_train",
        -0.40712716673891336
      ],
      [
        "train_sharpe",
        0.35091352782107976
      ],
      [
        "train_sortino",
        0.34144763776340814
      ],
      [
        "train_dd",
        0.33763993105761897
      ],
      [
        "train_cumret",
        0.33635331212987624
      ],
      [
        "tf_train",
        0.2670073693414542
      ],
      [
        "avg_dd_dur",
        -0.21843071564341202
      ],
      [
        "equity_r2",
        -0.19708623904612554
      ],
      [
        "exposure",
        0.17143185916342812
      ],
      [
        "ret_std",
        0.11803799731662257
      ],
      [
        "win_rate",
        0.09686734638268249
      ],
      [
        "avg_idle",
        0.07386612076066458
      ],
      [
        "downside_std",
        0.07174253050330326
      ],
      [
        "avg_hold",
        0.05624910016740664
      ]
    ]
  },
  "fits": {
    "val_sharpe_on_train_sharpe": {
      "a": -3.5670425858260653,
      "b": 0.6971598572086766
    },
    "val_cum_on_train_cum": {
      "a": -0.00262200420863701,
      "b": 0.08240256934410839
    },
    "val_sharpe_on_equity_r2": {
      "a": 0.07103900617465057,
      "b": -7.370485918945195
    },
    "val_sharpe_on_win_rate": {
      "a": -9.898464781173116,
      "b": 9.882595809439252
    }
  },
  "quantiles": {
    "val_sharpe_middle80": -4.184580654810559,
    "val_cumret_middle80": -0.0028071180160053645
  }
}