{
  "event": "wfo_explore",
  "run_dir": "runs/wfo/gp/20251001-160650",
  "windows": 95,
  "individuals": 19000,
  "presence": {
    "train_sharpe": 19000,
    "train_sortino": 19000,
    "train_cumret": 19000,
    "train_dd": 19000,
    "trades_train": 19000,
    "tf_train": 19000,
    "tree_size": 19000,
    "tree_depth": 19000,
    "equity_r2": 19000,
    "exposure": 19000,
    "win_rate": 18714,
    "profit_factor": 18714,
    "avg_dd_dur": 18714,
    "avg_hold": 18714,
    "avg_idle": 19000,
    "turnover_per_bar": 19000,
    "flip_rate": 19000,
    "ret_std": 19000,
    "downside_std": 18714,
    "ret_skew": 19000,
    "ret_kurt": 19000,
    "mkt_vol": 19000,
    "mkt_trend": 19000,
    "mkt_skew": 19000
  },
  "best_per_window": {
    "windows": 95,
    "corr": {
      "sharpe": -0.013949072736971697,
      "cumret": -0.11991189343778551
    },
    "deg_mean": {
      "sharpe": -0.27238905180068923,
      "cumret": -0.02647574334370384
    },
    "means": {
      "train_sharpe": 6.089217052919215,
      "val_sharpe": -1.6185026454608566,
      "train_cumret": 0.04883757136202972,
      "val_cumret": -0.0013477202737390088
    }
  },
  "feature_corr": {
    "val_sharpe": {
      "train_sharpe": 0.47521742746520773,
      "train_sortino": 0.44687000243952135,
      "train_cumret": 0.4164598734249414,
      "train_dd": 0.36004904678045985,
      "trades_train": -0.49981371246608436,
      "tf_train": 0.300230290204572,
      "tree_size": 0.002204473851286311,
      "tree_depth": -0.03636754342148009,
      "equity_r2": -0.19741318521053008,
      "exposure": 0.3522086281722623,
      "win_rate": 0.12870982989344568,
      "profit_factor": 0.08618517928286494,
      "avg_dd_dur": -0.3602155830248166,
      "avg_hold": 0.1501088557146203,
      "avg_idle": -0.03976634651140896,
      "turnover_per_bar": -0.5004610389265631,
      "flip_rate": NaN,
      "ret_std": 0.2947631592083008,
      "downside_std": 0.11090807608035502,
      "ret_skew": 0.047936632034152875,
      "ret_kurt": -0.07079407494355816,
      "mkt_vol": 0.00895046701113687,
      "mkt_trend": -0.06174541316600468,
      "mkt_skew": 0.03596688873259148
    },
    "val_cumret": {
      "train_sharpe": 0.2862196441416883,
      "train_sortino": 0.2803167817312253,
      "train_cumret": 0.26573798665349085,
      "train_dd": 0.28239468923057515,
      "trades_train": -0.3780644382522493,
      "tf_train": 0.2097077873001021,
      "tree_size": 0.012313362429706952,
      "tree_depth": -0.007624386867007433,
      "equity_r2": -0.1559355588953993,
      "exposure": 0.15172182685873042,
      "win_rate": 0.08338834551776846,
      "profit_factor": 0.05674851644211625,
      "avg_dd_dur": -0.199683066802058,
      "avg_hold": 0.10937097383222116,
      "avg_idle": 0.05955917406172756,
      "turnover_per_bar": -0.3782509447181497,
      "flip_rate": NaN,
      "ret_std": 0.08449364034781076,
      "downside_std": 0.02148142628620384,
      "ret_skew": -0.027923508287766886,
      "ret_kurt": 0.010563705792303247,
      "mkt_vol": -0.045239336964111476,
      "mkt_trend": -0.08179487108752191,
      "mkt_skew": 0.009320573465009451
    }
  },
  "top_corr": {
    "val_sharpe": [
      [
        "turnover_per_bar",
        -0.5004610389265631
      ],
      [
        "trades_train",
        -0.49981371246608436
      ],
      [
        "train_sharpe",
        0.47521742746520773
      ],
      [
        "train_sortino",
        0.44687000243952135
      ],
      [
        "train_cumret",
        0.4164598734249414
      ],
      [
        "avg_dd_dur",
        -0.3602155830248166
      ],
      [
        "train_dd",
        0.36004904678045985
      ],
      [
        "exposure",
        0.3522086281722623
      ],
      [
        "tf_train",
        0.300230290204572
      ],
      [
        "ret_std",
        0.2947631592083008
      ],
      [
        "equity_r2",
        -0.19741318521053008
      ],
      [
        "avg_hold",
        0.1501088557146203
      ],
      [
        "win_rate",
        0.12870982989344568
      ],
      [
        "downside_std",
        0.11090807608035502
      ],
      [
        "profit_factor",
        0.08618517928286494
      ]
    ],
    "val_cumret": [
      [
        "turnover_per_bar",
        -0.3782509447181497
      ],
      [
        "trades_train",
        -0.3780644382522493
      ],
      [
        "train_sharpe",
        0.2862196441416883
      ],
      [
        "train_dd",
        0.28239468923057515
      ],
      [
        "train_sortino",
        0.2803167817312253
      ],
      [
        "train_cumret",
        0.26573798665349085
      ],
      [
        "tf_train",
        0.2097077873001021
      ],
      [
        "avg_dd_dur",
        -0.199683066802058
      ],
      [
        "equity_r2",
        -0.1559355588953993
      ],
      [
        "exposure",
        0.15172182685873042
      ],
      [
        "avg_hold",
        0.10937097383222116
      ],
      [
        "ret_std",
        0.08449364034781076
      ],
      [
        "win_rate",
        0.08338834551776846
      ],
      [
        "mkt_trend",
        -0.08179487108752191
      ],
      [
        "avg_idle",
        0.05955917406172756
      ]
    ]
  },
  "fits": {
    "val_sharpe_on_train_sharpe": {
      "a": -3.5486069144411174,
      "b": 0.6572651433743917
    },
    "val_cum_on_train_cum": {
      "a": -0.002559332465724016,
      "b": 0.051839305229495196
    },
    "val_sharpe_on_equity_r2": {
      "a": -0.8208062645625035,
      "b": -5.156844699981349
    },
    "val_sharpe_on_win_rate": {
      "a": -7.855772505959879,
      "b": 6.746815816740156
    }
  },
  "quantiles": {
    "val_sharpe_middle80": -3.9409924287629696,
    "val_cumret_middle80": -0.002590973426842321
  }
}