{
  "event": "wfo_explore",
  "run_dir": "runs/wfo/gp/20250929-202006",
  "windows": 99,
  "individuals": 14850,
  "presence": {
    "train_sharpe": 14850,
    "train_sortino": 14850,
    "train_cumret": 14850,
    "train_dd": 14850,
    "trades_train": 14850,
    "tf_train": 14850,
    "tree_size": 14850,
    "tree_depth": 14850,
    "equity_r2": 14850,
    "exposure": 14850,
    "win_rate": 14786,
    "profit_factor": 14786,
    "avg_dd_dur": 14786,
    "avg_hold": 14786,
    "avg_idle": 14850,
    "turnover_per_bar": 14850,
    "flip_rate": 14850,
    "ret_std": 14850,
    "downside_std": 14786,
    "ret_skew": 14850,
    "ret_kurt": 14850,
    "mkt_vol": 14850,
    "mkt_trend": 14850,
    "mkt_skew": 14850
  },
  "best_per_window": {
    "windows": 99,
    "corr": {
      "sharpe": 0.13606932917481834,
      "cumret": 0.019176500952847633
    },
    "deg_mean": {
      "sharpe": -0.12466919084429828,
      "cumret": -0.024309646808999733
    },
    "means": {
      "train_sharpe": 8.23615603065529,
      "val_sharpe": -0.8205687420194135,
      "train_cumret": 0.03218439322207608,
      "val_cumret": -0.0006887771764162969
    }
  },
  "feature_corr": {
    "val_sharpe": {
      "train_sharpe": 0.4342199796822572,
      "train_sortino": 0.4049789972980476,
      "train_cumret": 0.3876766903184741,
      "train_dd": 0.31680438052448956,
      "trades_train": -0.4825514697010736,
      "tf_train": 0.33592213706807195,
      "tree_size": 0.018547073683664383,
      "tree_depth": -0.01918024450313521,
      "equity_r2": -0.15874751873591939,
      "exposure": 0.284279796517426,
      "win_rate": 0.15831960692199973,
      "profit_factor": 0.06697401811332762,
      "avg_dd_dur": -0.31491281357174217,
      "avg_hold": 0.11253824570634029,
      "avg_idle": -0.008036847834880463,
      "turnover_per_bar": -0.4827719162896025,
      "flip_rate": NaN,
      "ret_std": 0.2581473148924324,
      "downside_std": 0.11452331866501785,
      "ret_skew": 0.045609989955363923,
      "ret_kurt": -0.07332953454826455,
      "mkt_vol": 0.07593694789342145,
      "mkt_trend": -0.056495343032987914,
      "mkt_skew": 0.04589642605292165
    },
    "val_cumret": {
      "train_sharpe": 0.2704483886538439,
      "train_sortino": 0.2518514889545253,
      "train_cumret": 0.2470884807050729,
      "train_dd": 0.24565933805979992,
      "trades_train": -0.36096451581213723,
      "tf_train": 0.23825546608819384,
      "tree_size": 0.06262962537487332,
      "tree_depth": -0.0017710897369099547,
      "equity_r2": -0.12841366894608985,
      "exposure": 0.13615772070243254,
      "win_rate": 0.11363773681860215,
      "profit_factor": 0.06288472439398556,
      "avg_dd_dur": -0.18060634790807986,
      "avg_hold": 0.10192207996314588,
      "avg_idle": 0.052103650794019185,
      "turnover_per_bar": -0.36107959047194244,
      "flip_rate": NaN,
      "ret_std": 0.09832766521068213,
      "downside_std": 0.044220665741092714,
      "ret_skew": 0.002144954312024784,
      "ret_kurt": -0.012920270548583837,
      "mkt_vol": 0.011774633304616776,
      "mkt_trend": -0.06160641068774439,
      "mkt_skew": 0.03753610433230865
    }
  },
  "top_corr": {
    "val_sharpe": [
      [
        "turnover_per_bar",
        -0.4827719162896025
      ],
      [
        "trades_train",
        -0.4825514697010736
      ],
      [
        "train_sharpe",
        0.4342199796822572
      ],
      [
        "train_sortino",
        0.4049789972980476
      ],
      [
        "train_cumret",
        0.3876766903184741
      ],
      [
        "tf_train",
        0.33592213706807195
      ],
      [
        "train_dd",
        0.31680438052448956
      ],
      [
        "avg_dd_dur",
        -0.31491281357174217
      ],
      [
        "exposure",
        0.284279796517426
      ],
      [
        "ret_std",
        0.2581473148924324
      ],
      [
        "equity_r2",
        -0.15874751873591939
      ],
      [
        "win_rate",
        0.15831960692199973
      ],
      [
        "downside_std",
        0.11452331866501785
      ],
      [
        "avg_hold",
        0.11253824570634029
      ],
      [
        "mkt_vol",
        0.07593694789342145
      ]
    ],
    "val_cumret": [
      [
        "turnover_per_bar",
        -0.36107959047194244
      ],
      [
        "trades_train",
        -0.36096451581213723
      ],
      [
        "train_sharpe",
        0.2704483886538439
      ],
      [
        "train_sortino",
        0.2518514889545253
      ],
      [
        "train_cumret",
        0.2470884807050729
      ],
      [
        "train_dd",
        0.24565933805979992
      ],
      [
        "tf_train",
        0.23825546608819384
      ],
      [
        "avg_dd_dur",
        -0.18060634790807986
      ],
      [
        "exposure",
        0.13615772070243254
      ],
      [
        "equity_r2",
        -0.12841366894608985
      ],
      [
        "win_rate",
        0.11363773681860215
      ],
      [
        "avg_hold",
        0.10192207996314588
      ],
      [
        "ret_std",
        0.09832766521068213
      ],
      [
        "profit_factor",
        0.06288472439398556
      ],
      [
        "tree_size",
        0.06262962537487332
      ]
    ]
  },
  "fits": {
    "val_sharpe_on_train_sharpe": {
      "a": -3.9322146230902213,
      "b": 0.5575102602441625
    },
    "val_cum_on_train_cum": {
      "a": -0.0028088129300041084,
      "b": 0.08523858273382771
    },
    "val_sharpe_on_equity_r2": {
      "a": -0.9876875464354115,
      "b": -4.2173206756124175
    },
    "val_sharpe_on_win_rate": {
      "a": -9.492382948823229,
      "b": 10.591795821645839
    }
  },
  "quantiles": {
    "val_sharpe_middle80": -3.34713449309077,
    "val_cumret_middle80": -0.002433140855984235
  }
}