{
  "event": "wfo_analysis",
  "run_dir": "/root/rl-trader/forex-rl/ga-ness/runs/wfo/gp/20250928-165924",
  "best_per_window": {
    "windows": 58,
    "corr": {
      "sharpe": 0.10692852081985932,
      "cumret": -0.002187720809154115
    },
    "deg": {
      "sharpe_mean": -0.39032000676416895,
      "cumret_mean": -0.3767640958453551
    },
    "means": {
      "train_sharpe": 6.485493805011339,
      "val_sharpe": -2.306320333191285,
      "train_cumret": 0.03144564954277001,
      "val_cumret": -0.01107143716958288
    },
    "reg": {
      "sharpe": {
        "a": -3.717498005423637,
        "b": 0.21758985740483375
      },
      "cumret": {
        "a": -0.01099962613941927,
        "b": -0.0022836554883668083
      }
    },
    "counts": {
      "wins_pos_val_sharpe": 14,
      "wins_pos_val_cum": 14
    }
  },
  "final_population": {
    "individuals": 11600,
    "corr": {
      "sharpe": 0.8552231545000185,
      "cumret": 0.7341073578949654
    },
    "deg": {
      "sharpe_mean": -3.307230797718836,
      "cumret_mean": 0.5827357485085697
    },
    "means": {
      "train_sharpe": -4.070820364821375,
      "val_sharpe": -6.931043501322743,
      "train_cumret": -0.008564677586504466,
      "val_cumret": -0.022525011875454002
    },
    "reg": {
      "sharpe": {
        "a": -3.864423998539772,
        "b": 0.7533173237717972
      },
      "cumret": {
        "a": -0.017277133090411772,
        "b": 0.6127351242399868
      }
    },
    "counts": {
      "pos_val_sharpe": 2237,
      "pos_val_cum": 2208
    }
  }
}