{"weights": [3.965949711820052e-06, -8.72719062034082e-08, -6.2924779819224e-08, 4.073102183785068e-08, -1.2584955963798661e-08, -3.092801218818877e-08, 2.0365510918593085e-09, 2.427074536030692e-08, 4.182370388003232e-09, -4.083663581027306e-09, 0.002102439902573455, -4.083663581027306e-09], "noise_sigma": 0.02}