{"weights": [4.743250922131022e-08, -9.540860744573802e-13, 7.521396342694407e-13, -1.5377976803179525e-11, 1.504279268553763e-13, -1.2004274973187847e-12, -1.0251984535458761e-12, -8.444698999872131e-13, -7.222321964693792e-13, 3.742178268121877e-13, -2.504613859946046e-07, 3.742178268121877e-13], "noise_sigma": 0.02}