{"weights": [9.929922417378819e-05, -3.067263910513198e-09, 6.082601892257694e-09, 8.404592988779506e-08, 1.2165203784483412e-09, -3.2328577012020333e-09, 5.603061992520011e-09, -3.2994333138882792e-09, 1.2464139779349709e-09, 3.58675946510966e-09, 0.0002144590288746459, 3.58675946510966e-09], "noise_sigma": 0.0641836809514863}